Letters,g_let,a_let,t_let,c_let,index_plus_one,saving_og
N,396,200,329,136,70,N
A,251,223,40,178,82,A
G,494,87,0,18,91,G
G,350,9,27,9,99,G
N,440,11,266,4,107,N
C,11,40,0,542,121,C
A,69,294,13,318,129,A
G,211,115,11,0,138,G
A,8,771,1,0,150,A
A,0,623,2,272,159,A
A,0,423,7,229,167,A
T,0,66,509,0,177,T
T,6,0,523,1,190,T
T,6,0,489,21,201,T
C,5,0,105,464,210,C
T,6,0,415,33,222,T
C,0,0,86,507,231,C
T,0,84,434,0,243,T
A,0,419,138,0,252,A
T,0,11,454,20,261,T
C,2,0,110,442,269,C
G,263,0,0,27,279,G
A,6,400,0,0,292,A
T,8,68,416,0,304,T
A,41,407,164,0,311,A
G,395,91,0,0,319,G
G,641,0,0,0,333,G
T,0,7,319,0,347,T
A,5,483,70,16,356,A
C,1,95,0,525,364,C
C,0,0,0,510,375,C
G,389,0,0,5,386,G
A,11,623,0,0,401,A
G,371,62,0,0,411,G
C,0,0,0,445,425,C
T,0,0,571,0,439,T
C,2,0,44,614,449,C
G,440,2,0,34,458,G
G,431,0,0,0,472,G
A,0,710,4,0,487,A
T,0,71,724,0,497,T
C,0,0,6,558,508,C
C,0,13,1,586,518,C
A,0,397,1,156,526,A
C,1,1,0,546,537,C
T,0,0,535,0,551,T
A,0,618,29,0,561,A
G,258,0,0,0,572,G
T,10,1,445,0,590,T
A,0,482,43,0,599,A
A,0,509,0,0,609,A
C,0,3,0,522,620,C
G,445,8,0,7,631,G
G,579,0,0,0,645,G
C,0,0,0,395,659,C
C,0,0,0,565,672,C
G,574,0,13,4,683,G
C,0,0,0,430,696,C
C,0,0,0,540,709,C
A,0,472,16,8,719,A
G,368,3,3,0,729,G
T,0,1,433,0,746,T
G,834,13,57,0,755,G
T,0,3,443,0,771,T
G,736,5,26,0,781,G
C,0,0,0,507,795,C
T,0,0,635,5,809,T
G,673,0,6,40,819,G
G,507,1,1,35,833,G
A,0,766,47,1,847,A
A,1,536,20,0,858,A
T,2,0,634,0,869,T
T,0,0,703,0,882,T
C,3,0,16,507,892,C
A,0,476,3,17,902,A
G,239,0,0,0,914,G
G,911,13,0,3,928,G
G,520,0,0,0,940,G
A,0,726,2,0,956,A
G,501,2,0,0,967,G
G,790,5,0,0,979,G
G,719,0,0,2,993,G
G,612,0,0,0,1005,G
G,787,0,0,0,1019,G
T,0,0,576,0,1034,T
T,0,0,599,0,1046,T
C,0,0,3,780,1056,C
T,0,0,603,0,1070,T
T,0,0,657,4,1083,T
G,1055,0,17,0,1093,G
T,0,0,504,0,1109,T
C,0,0,7,573,1119,C
C,0,0,0,565,1131,C
A,0,464,12,3,1141,A
G,315,0,0,5,1153,G
A,0,914,4,0,1167,A
G,450,0,0,0,1178,G
A,1,920,15,0,1193,A
C,0,2,0,770,1203,C
T,0,5,622,0,1216,T
C,0,0,0,726,1227,C
C,3,0,0,604,1239,C
A,0,397,13,2,1249,A
A,0,551,8,0,1261,A
A,0,603,0,0,1273,A
G,404,0,0,0,1285,G
A,15,981,14,0,1299,A
A,0,712,20,0,1311,A
C,0,0,0,555,1321,C
C,1,0,0,646,1333,C
G,465,0,1,2,1346,G
C,0,0,0,449,1359,C
A,4,448,14,0,1371,A
A,5,370,8,0,1383,A
G,664,0,1,0,1394,G
G,1204,18,4,0,1407,G
C,0,0,0,364,1420,C
C,0,0,0,674,1433,C
T,0,0,587,0,1448,T
C,18,0,0,651,1458,C
A,1,440,25,0,1469,A
G,339,0,0,0,1481,G
G,1051,9,0,0,1494,G
G,652,0,16,0,1507,G
C,0,0,0,523,1521,C
C,0,0,0,705,1533,C
G,481,0,30,0,1545,G
C,0,0,1,639,1558,C
T,0,0,789,1,1574,T
G,823,0,14,0,1583,G
T,0,0,585,0,1599,T
C,0,0,0,639,1609,C
C,0,0,0,664,1621,C
C,4,0,0,649,1632,C
T,0,0,683,0,1647,T
G,853,0,3,5,1657,G
G,366,0,0,0,1671,G
A,0,745,23,0,1685,A
G,468,0,1,0,1696,G
G,808,10,0,0,1709,G
A,4,1112,30,0,1722,A
A,0,634,4,0,1733,A
G,473,0,0,0,1744,G
G,973,13,0,8,1757,G
A,0,902,12,0,1770,A
G,462,0,3,0,1781,G
G,887,3,1,1,1794,G
A,0,1094,38,0,1807,A
C,1,0,0,632,1817,C
G,490,3,0,3,1830,G
G,792,0,0,14,1843,G
A,0,832,10,0,1856,A
A,0,541,14,0,1868,A
A,0,755,32,1,1880,A
C,0,0,3,700,1890,C
C,0,0,0,716,1903,C
T,0,0,670,1,1917,T
G,998,0,0,0,1929,G
G,380,0,6,0,1942,G
C,0,0,1,448,1955,C
C,0,0,0,675,1967,C
T,0,0,598,0,1981,T
G,1223,0,0,0,1992,G
G,371,0,0,0,2005,G
G,634,0,0,0,2018,G
C,0,3,0,495,2031,C
G,511,2,9,0,2043,G
T,0,0,602,0,2058,T
C,0,0,0,639,2068,C
A,0,497,7,0,2078,A
G,360,0,0,0,2090,G
C,0,0,0,545,2103,C
A,0,436,10,0,2115,A
A,4,555,0,0,2126,A
G,463,0,0,0,2137,G
G,1141,7,0,1,2150,G
C,0,0,0,458,2163,C
C,0,0,0,754,2176,C
C,0,0,0,737,2188,C
C,0,0,0,860,2200,C
T,0,0,704,0,2214,T
A,8,692,0,7,2224,A
C,1,0,0,713,2236,C
C,0,0,0,633,2248,C
A,0,629,14,0,2259,A
T,0,0,615,0,2272,T
G,1085,2,0,0,2282,G
G,654,4,0,9,2296,G
T,0,0,488,0,2311,T
T,0,0,622,0,2323,T
G,824,37,0,0,2334,G
C,0,0,0,619,2346,C
A,0,432,0,0,2357,A
A,0,602,0,0,2368,A
A,0,771,3,0,2380,A
G,534,0,0,0,2392,G
G,890,11,0,0,2405,G
A,2,1038,9,0,2418,A
G,364,0,0,0,2429,G
A,14,1126,22,0,2442,A
T,0,0,740,0,2454,T
T,10,0,673,0,2466,T
G,1098,0,0,1,2477,G
G,573,0,3,6,2491,G
C,0,0,0,435,2502,C
T,0,0,787,0,2516,T
T,0,0,871,4,2529,T
T,0,0,731,3,2541,T
T,0,3,774,0,2554,T
C,0,0,0,877,2564,C
T,0,0,670,0,2577,T
T,2,0,804,4,2590,T
C,0,0,0,734,2600,C
A,0,532,0,0,2611,A
G,285,0,0,4,2622,G
T,4,0,474,0,2636,T
C,0,0,0,669,2647,C
A,0,527,15,0,2658,A
T,4,0,608,0,2670,T
A,0,716,0,0,2681,A
G,340,0,0,0,2693,G
G,665,15,0,0,2707,G
A,6,845,10,0,2719,A
A,3,648,9,0,2731,A
T,0,0,739,0,2743,T
G,1076,14,0,0,2754,G
G,625,4,0,0,2767,G
G,603,6,2,0,2780,G
T,0,0,616,0,2793,T
T,0,8,649,0,2805,T
T,0,0,634,0,2817,T
T,0,0,629,0,2829,T
T,1,0,784,2,2842,T
G,854,19,0,0,2853,G
T,0,0,618,0,2866,T
T,0,0,678,1,2878,T
G,820,13,0,0,2890,G
C,0,0,0,598,2901,C
C,0,6,0,706,2913,C
A,0,470,0,0,2923,A
A,0,760,0,13,2935,A
C,0,0,0,680,2947,C
A,0,528,6,0,2958,A
C,0,0,0,693,2970,C
G,350,15,0,0,2982,G
C,0,0,4,598,2995,C
G,465,4,19,0,3007,G
G,517,5,0,0,3020,G
T,3,0,426,0,3035,T
G,1234,17,0,1,3045,G
G,664,9,12,0,3058,G
C,0,0,0,444,3069,C
C,0,5,0,836,3082,C
T,0,3,797,0,3096,T
T,0,0,727,0,3108,T
T,1,0,755,5,3121,T
G,822,16,0,2,3130,G
G,522,21,0,0,3144,G
C,0,0,0,445,3155,C
A,5,566,2,0,3167,A
G,401,0,0,0,3178,G
T,0,0,474,3,3192,T
C,0,0,0,673,3203,C
A,0,572,13,0,3214,A
G,372,1,8,0,3226,G
C,0,0,0,587,3238,C
C,1,0,0,847,3251,C
C,0,0,0,648,3262,C
C,0,0,0,716,3274,C
T,5,0,761,0,3288,T
G,1175,24,0,3,3298,G
T,0,2,570,0,3313,T
C,0,0,0,659,3324,C
G,344,36,0,0,3335,G
A,0,759,3,0,3347,A
A,0,931,13,0,3359,A
T,0,0,622,0,3370,T
T,0,0,968,0,3383,T
T,3,0,721,3,3395,T
C,7,0,0,642,3405,C
C,13,0,0,652,3417,C
T,13,0,695,0,3430,T
G,1096,49,0,0,3441,G
C,0,11,0,527,3453,C
C,0,0,0,725,3466,C
G,515,10,0,0,3477,G
G,747,22,0,0,3490,G
T,0,0,500,0,3503,T
C,0,1,0,686,3514,C
C,0,0,0,670,3525,C
A,0,651,16,0,3536,A
T,0,0,792,0,3548,T
C,0,0,0,738,3559,C
C,0,0,0,813,3572,C
T,0,2,673,0,3584,T
T,0,0,841,0,3597,T
C,0,0,0,688,3608,C
C,0,7,0,716,3620,C
A,0,528,0,0,3630,A
G,350,0,0,3,3641,G
C,0,0,0,557,3654,C
A,11,488,3,0,3665,A
A,0,496,1,0,3676,A
A,0,866,0,0,3688,A
T,6,0,679,0,3700,T
G,1151,12,0,0,3711,G
G,556,4,0,0,3723,G
T,2,0,453,0,3736,T
T,1,0,650,0,3748,T
G,813,0,0,0,3759,G
T,0,0,546,0,3772,T
G,835,3,0,0,3783,G
G,715,8,0,0,3796,G
G,646,25,0,0,3808,G
G,721,3,0,0,3820,G
C,0,0,0,534,3832,C
A,4,705,0,0,3843,A
C,0,1,0,700,3854,C
C,0,1,1,841,3866,C
T,0,2,738,0,3879,T
A,0,737,0,0,3889,A
C,0,0,0,699,3901,C
T,0,0,655,0,3914,T
G,1173,21,0,0,3925,G
T,0,0,492,0,3938,T
G,809,2,0,0,3949,G
T,0,0,569,0,3962,T
G,833,28,0,0,3973,G
C,0,0,0,669,3985,C
T,0,4,639,0,3997,T
A,0,752,0,1,4009,A
G,331,0,0,1,4019,G
C,0,4,0,511,4031,C
C,7,0,0,818,4044,C
T,0,0,740,0,4056,T
T,1,0,809,0,4068,T
T,0,0,790,2,4080,T
C,0,0,0,668,4091,C
C,0,0,0,588,4102,C
C,4,0,0,742,4114,C
T,1,0,717,0,4126,T
T,4,0,704,0,4138,T
G,1040,0,0,0,4149,G
G,437,0,0,0,4162,G
A,0,972,0,0,4175,A
G,474,3,0,0,4185,G
T,0,0,554,0,4197,T
C,0,0,0,819,4209,C
G,329,0,0,0,4220,G
C,0,0,0,575,4232,C
C,0,0,1,691,4244,C
C,2,1,0,685,4256,C
A,2,597,9,0,4267,A
A,0,600,16,0,4279,A
G,372,0,0,0,4289,G
C,0,0,0,625,4302,C
A,0,508,12,0,4314,A
A,0,652,29,0,4325,A
C,16,0,0,710,4336,C
C,10,3,2,738,4348,C
A,0,548,4,0,4359,A
C,2,0,0,661,4370,C
A,9,492,7,0,4382,A
C,0,0,0,625,4393,C
A,0,506,10,0,4405,A
A,0,567,17,0,4417,A
A,11,675,5,0,4429,A
G,532,0,0,0,4440,G
C,0,0,0,508,4452,C
C,0,0,6,729,4464,C
A,0,409,0,0,4475,A
A,1,777,23,0,4487,A
C,30,0,0,552,4498,C
G,457,5,0,0,4510,G
C,0,0,0,538,4522,C
G,398,0,15,0,4534,G
T,0,0,536,0,4548,T
C,0,0,0,626,4559,C
G,283,0,0,0,4570,G
G,516,1,0,0,4583,G
A,0,1410,30,0,4597,A
G,398,13,0,0,4607,G
G,935,16,0,0,4619,G
G,654,0,0,0,4631,G
C,0,0,0,467,4643,C
A,0,712,16,0,4655,A
C,0,0,19,666,4665,C
C,9,0,0,705,4677,C
T,8,0,741,0,4690,T
G,1087,6,0,0,4701,G
C,0,14,8,617,4714,C
T,0,0,741,0,4727,T
G,811,6,0,0,4738,G
C,0,0,0,562,4750,C
C,0,0,15,665,4762,C
T,0,0,772,0,4775,T
C,7,0,0,764,4786,C
T,0,17,718,0,4799,T
C,0,0,0,709,4810,C
G,394,22,0,0,4821,G
C,0,0,0,487,4833,C
G,527,10,0,0,4845,G
C,0,0,0,599,4857,C
A,0,625,0,0,4869,A
G,281,0,3,0,4880,G
C,0,4,0,510,4892,C
G,535,7,0,0,4903,G
G,457,5,0,0,4916,G
G,545,25,5,0,4928,G
C,0,0,46,413,4940,C
C,0,0,10,812,4953,C
T,1,0,714,0,4965,T
G,876,16,0,0,4976,G
G,589,10,2,0,4989,G
G,452,14,27,0,5001,G
A,0,1007,16,0,5015,A
A,0,813,13,0,5026,A
C,0,0,27,792,5037,C
G,430,0,3,0,5048,G
C,0,1,0,632,5060,C
G,318,15,12,0,5072,G
A,0,716,3,6,5086,A
A,0,903,17,0,5098,A
G,373,4,3,0,5108,G
C,0,0,5,585,5120,C
C,0,2,1,800,5132,C
G,399,11,0,0,5144,G
C,0,0,0,578,5156,C
C,16,0,5,616,5168,C
A,0,476,2,0,5180,A
G,423,0,0,0,5191,G
G,552,13,0,0,5203,G
T,0,0,460,0,5216,T
G,987,15,0,0,5227,G
G,606,26,0,0,5240,G
C,0,0,5,469,5252,C
G,518,18,3,0,5264,G
C,0,0,11,642,5276,C
T,0,0,885,0,5289,T
C,0,0,0,752,5301,C
T,0,2,765,0,5313,T
G,603,15,0,0,5324,G
A,0,980,21,0,5338,A
A,0,799,4,0,5350,A
C,0,0,25,640,5360,C
C,3,0,11,726,5372,C
C,0,0,6,707,5384,C
G,444,16,0,0,5396,G
C,0,0,7,572,5408,C
G,421,11,0,0,5420,G
C,0,0,7,672,5433,C
A,10,715,2,0,5445,A
C,0,1,1,631,5455,C
C,0,6,0,657,5467,C
G,507,19,0,0,5478,G
G,541,13,0,0,5492,G
C,0,0,0,403,5504,C
C,0,0,11,633,5516,C
C,0,3,20,731,5529,C
A,0,636,1,0,5540,A
G,321,0,4,0,5551,G
C,0,0,16,507,5563,C
C,0,0,20,739,5576,C
A,0,517,11,0,5587,A
G,497,0,0,0,5599,G
C,0,0,3,507,5611,C
C,0,0,4,759,5624,C
G,403,15,0,0,5635,G
C,0,0,19,573,5648,C
G,509,16,0,0,5659,G
G,475,7,0,0,5672,G
G,576,6,8,0,5684,G
G,643,9,8,0,5696,G
G,680,12,0,0,5709,G
T,0,0,611,0,5722,T
C,0,1,0,687,5733,C
G,476,34,0,0,5745,G
C,0,0,26,514,5756,C
C,0,0,0,834,5769,C
C,0,0,16,679,5781,C
G,594,9,6,0,5793,G
C,0,0,17,600,5805,C
T,0,0,759,0,5818,T
C,0,0,4,769,5830,C
C,0,0,35,749,5842,C
G,466,12,0,0,5853,G
G,715,7,0,0,5866,G
C,0,0,1,511,5878,C
T,0,0,812,0,5891,T
G,809,7,0,0,5902,G
C,0,0,3,556,5914,C
A,0,431,7,0,5926,A
G,284,0,0,0,5937,G
G,726,12,0,0,5949,G
G,518,3,0,0,5961,G
G,454,0,0,0,5974,G
A,0,1204,24,0,5988,A
G,462,6,2,0,5999,G
G,755,2,0,0,6011,G
A,0,1201,9,0,6024,A
G,482,13,0,0,6035,G
C,0,0,0,680,6047,C
G,592,0,0,0,6059,G
G,551,0,0,0,6072,G
T,0,0,415,0,6084,T
C,0,0,1,723,6096,C
G,400,1,0,0,6107,G
G,481,7,0,0,6120,G
A,0,1063,9,0,6134,A
G,410,31,0,0,6144,G
G,776,3,4,0,6156,G
C,0,0,2,547,6169,C
G,440,11,0,0,6180,G
G,672,6,0,0,6193,G
G,533,15,0,0,6205,G
G,616,26,0,0,6217,G
C,0,6,0,626,6230,C
T,0,0,899,0,6242,T
C,0,0,0,816,6254,C
A,0,725,0,0,6266,A
C,0,0,0,660,6277,C
G,399,16,0,1,6288,G
C,0,0,1,740,6301,C
C,0,1,0,749,6314,C
G,389,11,0,2,6325,G
C,0,0,0,588,6338,C
A,1,613,3,0,6350,A
G,250,0,0,0,6361,G
G,897,16,0,0,6373,G
T,0,0,508,0,6386,T
T,0,0,631,0,6398,T
G,747,3,0,1,6409,G
T,0,0,500,0,6422,T
G,826,0,0,0,6434,G
T,0,0,617,1,6446,T
G,719,2,0,7,6458,G
A,0,932,1,0,6471,A
C,0,12,0,655,6482,C
T,0,0,707,0,6493,T
T,0,0,744,0,6506,T
T,0,0,687,0,6518,T
G,618,5,5,0,6529,G
G,516,5,0,2,6542,G
G,530,17,0,0,6555,G
T,0,0,595,0,6567,T
T,0,0,663,6,6579,T
T,0,0,665,0,6591,T
G,716,13,0,18,6603,G
A,0,1104,0,0,6616,A
C,0,26,5,693,6626,C
C,0,0,0,725,6638,C
T,0,0,694,0,6650,T
G,823,0,0,4,6662,G
C,0,0,6,521,6675,C
C,0,0,0,695,6687,C
T,0,0,622,1,6699,T
G,864,13,0,0,6711,G
G,461,35,0,0,6724,G
A,0,845,0,0,6737,A
G,353,50,0,0,6748,G
A,0,1015,6,0,6761,A
T,0,46,710,0,6771,T
G,582,18,0,0,6783,G
A,0,1201,0,0,6796,A
G,384,26,0,0,6807,G
C,0,0,0,644,6819,C
T,0,0,773,0,6832,T
A,0,612,9,0,6843,A
A,0,650,0,0,6855,A
T,0,8,681,0,6866,T
C,0,0,2,692,6878,C
C,0,0,0,676,6891,C
C,0,0,0,681,6903,C
G,454,15,0,1,6915,G
C,2,0,9,516,6927,C
T,3,0,751,0,6940,T
G,686,0,0,15,6952,G
T,0,0,485,0,6964,T
A,7,557,2,0,6976,A
T,6,21,667,0,6987,T
A,12,632,0,0,6999,A
A,0,702,0,0,7011,A
T,0,7,602,0,7022,T
A,0,743,0,0,7034,A
G,278,0,0,0,7046,G
A,11,1013,0,0,7059,A
C,0,9,12,637,7070,C
T,0,0,727,3,7082,T
C,1,0,4,712,7094,C
C,0,0,0,679,7107,C
G,431,0,0,14,7118,G
G,653,0,0,0,7131,G
G,524,1,0,16,7143,G
G,460,1,0,2,7156,G
A,0,1245,0,0,7170,A
G,492,29,6,0,7181,G
A,0,1033,1,0,7193,A
T,0,46,686,0,7204,T
A,0,672,0,0,7216,A
G,412,2,0,0,7227,G
G,588,0,0,0,7240,G
A,0,934,1,0,7253,A
A,0,757,12,0,7265,A
A,0,911,17,0,7276,A
A,0,838,2,0,7288,A
T,0,13,684,0,7299,T
G,878,0,0,0,7310,G
G,552,0,0,0,7323,G
C,0,0,0,399,7335,C
C,0,0,16,700,7348,C
G,444,0,0,0,7360,G
C,0,0,0,594,7372,C
G,364,0,0,0,7384,G
C,0,0,17,574,7396,C
G,500,6,0,7,7408,G
C,0,0,26,663,7421,C
T,0,0,763,0,7434,T
A,0,590,10,0,7445,A
T,0,27,727,0,7456,T
C,0,0,18,686,7468,C
T,0,5,606,0,7480,T
G,671,6,4,0,7492,G
C,0,0,10,645,7505,C
G,348,22,0,7,7516,G
T,0,0,549,0,7529,T
C,0,0,19,618,7541,C
G,305,0,0,11,7552,G
C,3,0,4,482,7564,C
C,0,0,6,722,7577,C
A,0,395,0,8,7588,A
T,0,17,664,0,7599,T
G,860,9,2,0,7611,G
G,459,10,0,0,7623,G
G,445,16,0,0,7635,G
G,510,21,0,0,7648,G
A,0,1109,4,0,7662,A
C,0,94,56,740,7672,C
C,0,0,33,624,7684,C
A,0,738,0,2,7696,A
T,0,16,685,0,7707,T
C,0,0,10,631,7719,C
G,394,0,0,7,7731,G
C,0,0,4,446,7743,C
C,0,0,14,733,7756,C
C,0,0,11,638,7768,C
G,460,0,0,27,7779,G
C,0,0,5,527,7792,C
G,408,5,0,14,7803,G
G,487,0,3,0,7816,G
G,495,0,12,0,7828,G
C,0,0,28,451,7840,C
G,489,7,0,6,7852,G
G,589,35,0,0,7864,G
G,425,1,0,0,7876,G
G,534,26,0,0,7888,G
C,2,0,8,466,7900,C
G,440,10,0,5,7912,G
C,0,0,0,596,7924,C
G,552,12,0,13,7936,G
G,372,6,0,0,7948,G
G,452,2,0,0,7960,G
C,0,0,6,450,7972,C
C,0,0,8,724,7985,C
T,0,15,708,3,7997,T
G,658,43,7,0,8008,G
G,362,31,0,0,8021,G
A,0,776,0,0,8034,A
A,0,742,0,0,8045,A
A,0,812,0,0,8057,A
A,0,830,15,0,8068,A
A,0,690,7,0,8079,A
T,0,53,624,3,8090,T
A,0,642,2,0,8102,A
C,0,57,19,620,8112,C
A,0,509,0,6,8124,A
G,307,6,0,0,8136,G
C,1,0,13,387,8147,C
C,0,0,36,713,8161,C
T,0,0,615,7,8173,T
T,0,0,694,0,8185,T
T,1,0,722,0,8198,T
G,665,6,9,0,8209,G
T,0,4,456,0,8221,T
G,634,26,5,0,8232,G
G,562,37,0,0,8245,G
C,3,4,2,439,8257,C
G,422,15,0,5,8269,G
G,457,20,0,0,8281,G
C,2,1,0,469,8293,C
G,313,19,0,23,8304,G
C,0,0,24,649,8317,C
G,421,3,0,32,8328,G
T,0,0,506,0,8341,T
G,778,10,36,0,8352,G
T,0,0,520,0,8365,T
C,0,0,28,560,8377,C
A,0,519,0,20,8388,A
C,0,46,29,568,8399,C
T,0,0,720,7,8411,T
C,0,0,41,735,8424,C
A,0,521,0,23,8435,A
C,0,40,8,505,8446,C
G,358,8,0,9,8458,G
G,566,10,0,0,8471,G
C,0,0,2,320,8483,C
C,0,1,3,659,8496,C
G,417,27,1,26,8507,G
G,610,22,0,0,8520,G
G,357,2,0,0,8532,G
A,0,887,10,0,8546,A
C,0,116,31,656,8557,C
C,0,0,24,689,8568,C
T,0,0,633,6,8581,T
C,0,0,37,728,8593,C
G,259,0,0,35,8604,G
G,377,0,0,0,8617,G
G,449,5,0,0,8629,G
C,0,0,11,462,8642,C
G,420,36,0,29,8653,G
G,516,18,0,0,8666,G
C,12,0,2,329,8678,C
G,359,0,0,18,8689,G
G,462,20,0,0,8702,G
G,435,23,0,0,8715,G
C,0,12,0,413,8727,C
T,0,0,716,1,8740,T
G,649,0,26,1,8751,G
G,523,15,0,0,8763,G
G,459,2,0,0,8776,G
C,1,5,7,444,8788,C
T,0,8,723,7,8801,T
G,646,0,52,2,8812,G
T,0,0,439,0,8825,T
G,570,21,22,0,8836,G
T,3,6,509,0,8848,T
T,0,0,623,0,8862,T
G,524,24,29,13,8873,G
C,5,3,0,494,8884,C
C,0,0,5,680,8897,C
C,0,0,1,662,8909,C
C,0,4,16,726,8921,C
A,0,489,0,58,8932,A
G,263,50,0,0,8944,G
C,3,0,4,490,8956,C
T,0,0,697,12,8969,T
G,594,0,40,0,8981,G
C,22,0,16,485,8993,C
A,0,384,0,42,9005,A
A,0,559,0,0,9017,A
G,335,64,0,0,9028,G
G,868,10,0,0,9040,G
C,9,0,0,369,9053,C
C,0,0,29,707,9065,C
T,0,0,542,55,9077,T
T,21,0,689,0,9090,T
G,750,4,34,0,9102,G
G,410,11,0,0,9115,G
C,4,0,9,379,9127,C
C,2,0,13,617,9140,C
G,350,24,0,54,9151,G
A,32,1188,3,0,9165,A
G,334,129,1,0,9177,G
G,558,2,0,0,9187,G
G,555,0,0,0,9200,G
G,542,7,0,0,9212,G
C,19,0,26,421,9225,C
C,0,0,48,649,9237,C
C,0,0,34,629,9249,C
C,0,0,17,627,9261,C
A,2,487,0,37,9274,A
G,267,80,0,0,9285,G
A,16,1254,10,0,9299,A
G,374,129,0,0,9311,G
C,12,0,19,428,9322,C
C,0,2,35,653,9335,C
A,5,480,1,39,9347,A
G,328,72,0,0,9358,G
C,11,0,10,429,9371,C
A,0,466,0,50,9383,A
C,0,67,8,532,9395,C
C,0,0,29,619,9406,C
A,5,472,0,66,9418,A
G,296,45,0,0,9431,G
G,316,0,0,0,9443,G
A,1,876,2,7,9458,A
C,0,135,28,598,9469,C
C,0,0,36,633,9480,C
C,11,0,18,641,9492,C
C,0,0,35,663,9504,C
T,23,0,574,41,9518,T
G,724,1,75,0,9529,G
G,469,5,0,0,9542,G
G,543,0,0,0,9555,G
C,17,2,2,412,9568,C
T,18,0,675,33,9581,T
G,717,0,51,0,9593,G
T,17,14,442,5,9606,T
C,0,0,85,513,9617,C
T,0,0,543,47,9630,T
C,0,9,65,558,9642,C
A,0,550,0,39,9654,A
A,0,583,0,0,9664,A
A,0,764,8,3,9677,A
C,0,80,36,525,9689,C
T,0,0,640,43,9701,T
C,0,0,92,642,9714,C
C,0,9,8,610,9726,C
A,0,489,0,80,9738,A
C,0,109,26,482,9749,C
A,21,527,0,39,9761,A
G,315,88,0,0,9773,G
T,0,0,377,2,9787,T
C,0,9,67,526,9799,C
A,0,429,0,66,9811,A
C,0,78,31,563,9822,C
T,0,0,591,20,9835,T
T,31,0,736,0,9848,T
G,631,0,64,0,9860,G
C,8,0,11,437,9874,C
C,11,0,20,597,9886,C
C,43,0,8,564,9898,C
G,446,16,0,28,9910,G
G,660,27,0,0,9923,G
T,100,0,305,0,9936,T
G,613,12,64,0,9947,G
T,33,0,497,0,9961,T
C,16,0,86,524,9973,C
G,251,16,0,30,9985,G
C,11,3,8,401,9997,C
T,0,0,683,17,10010,T
C,0,0,140,615,10023,C
T,0,0,624,41,10035,T
C,0,0,110,570,10048,C
C,0,4,8,563,10059,C
A,14,479,0,16,10072,A
G,219,104,0,0,10083,G
C,6,4,5,335,10095,C
A,0,483,1,27,10109,A
C,0,107,32,467,10119,C
T,0,0,678,21,10133,T
C,0,0,107,638,10146,C
C,0,0,38,664,10156,C
C,0,0,46,611,10171,C
C,19,0,0,605,10181,C
G,324,34,0,54,10193,G
A,27,636,0,0,10207,A
C,0,64,42,500,10222,C
C,38,0,19,515,10232,C
G,341,8,0,40,10243,G
A,55,833,0,0,10258,A
G,225,120,0,0,10271,G
C,54,0,0,375,10282,C
G,381,22,0,26,10294,G
T,29,25,393,0,10308,T
A,0,539,76,2,10320,A
C,0,172,2,471,10331,C
A,13,428,0,27,10343,A
G,289,53,0,0,10356,G
C,29,0,12,297,10367,C
C,3,6,27,642,10381,C
A,0,390,37,68,10393,A
T,0,62,672,0,10406,T
C,0,0,152,475,10418,C
T,0,0,535,58,10432,T
C,0,14,114,524,10444,C
A,0,513,18,64,10456,A
T,0,84,568,6,10468,T
C,0,0,61,631,10483,C
C,0,0,40,557,10493,C
T,0,0,518,68,10506,T
C,0,12,118,527,10518,C
A,0,426,0,121,10530,A
C,0,149,9,458,10542,C
A,27,420,0,44,10554,A
G,273,96,0,0,10566,G
C,8,0,0,362,10579,C
C,0,5,1,548,10591,C
A,0,410,0,106,10603,A
A,5,755,10,0,10616,A
T,82,102,507,0,10629,T
G,716,3,102,0,10641,G
T,60,0,430,0,10654,T
C,0,0,76,461,10668,C
C,0,8,0,532,10678,C
A,0,536,0,51,10692,A
A,0,666,0,1,10702,A
C,0,72,26,509,10717,C
C,0,0,30,665,10728,C
C,0,25,16,559,10740,C
A,16,444,0,84,10753,A
G,169,126,0,0,10766,G
A,41,894,0,0,10779,A
G,286,241,30,0,10792,G
T,17,0,446,31,10805,T
C,0,0,156,546,10817,C
T,60,0,475,75,10830,T
G,536,0,92,20,10842,G
C,91,10,31,397,10854,C
A,0,377,7,134,10867,A
C,0,148,28,446,10879,C
A,0,581,0,4,10895,A
A,0,597,0,2,10902,A
C,0,141,19,399,10915,C
A,0,422,6,131,10927,A
C,2,117,16,386,10940,C
A,45,423,0,43,10953,A
G,276,90,0,0,10965,G
G,641,0,0,1,10978,G
C,77,0,54,341,10991,C
T,0,0,538,90,11005,T
C,0,8,150,510,11018,C
A,3,544,15,17,11033,A
A,0,549,28,0,11041,A
T,0,70,503,25,11055,T
C,0,13,116,501,11068,C
A,7,501,0,9,11083,A
A,34,526,0,0,11092,A
G,420,83,0,0,11105,G
G,746,2,0,25,11118,G
C,65,0,22,392,11131,C
C,0,0,31,652,11145,C
C,18,0,34,607,11155,C
G,267,39,0,127,11168,G
A,15,658,0,0,11183,A
A,0,760,1,0,11197,A
A,0,777,0,0,11213,A
A,0,886,0,0,11226,A
A,0,881,0,0,11237,A
A,0,762,1,0,11248,A
A,0,847,2,0,11259,A
A,0,777,7,0,11272,A
A,0,757,0,0,11283,A
A,0,778,0,0,11293,A
A,0,774,0,0,11304,A
A,0,761,0,0,11316,A
A,0,783,0,0,11329,A
A,0,753,0,0,11338,A
A,3,767,0,0,11348,A
A,0,771,0,0,11358,A
A,0,734,0,0,11367,A
A,0,743,0,0,11375,A
A,0,704,0,0,11387,A
A,0,700,0,0,11400,A
A,0,745,0,0,11413,A
A,0,664,0,9,11426,A
C,0,197,3,388,11439,C
C,88,0,0,415,11453,C
G,421,10,0,0,11467,G
G,461,0,19,0,11479,G
T,116,0,278,0,11491,T
C,0,0,134,402,11504,C
C,0,0,93,532,11517,C
T,0,0,565,18,11531,T
T,5,55,710,0,11540,T
A,0,493,183,12,11556,A
C,0,113,13,502,11571,C
C,2,4,115,436,11582,C
T,6,0,531,39,11593,T
T,0,0,662,0,11605,T
C,56,1,93,352,11621,C
G,170,9,0,100,11634,G
C,114,2,0,260,11645,C
G,266,5,0,108,11656,G
C,82,83,0,300,11670,C
A,0,445,100,36,11683,A
T,0,121,531,48,11697,T
C,0,0,263,354,11709,C
T,0,0,450,132,11722,T
C,0,0,266,336,11734,C
T,0,0,483,131,11747,T
C,5,0,280,351,11760,C
T,153,11,434,6,11774,T
G,400,10,111,3,11785,G
C,102,71,0,269,11797,C
A,10,328,0,170,11808,A
A,0,358,0,155,11814,A
C,0,267,0,310,11825,C
A,0,393,0,180,11836,A
C,0,97,12,457,11848,C
C,0,2,101,390,11860,C
T,0,96,385,14,11872,T
A,51,434,135,0,11885,A
G,194,151,20,0,11898,G
T,45,0,245,10,11911,T
C,63,0,104,364,11925,C
G,200,0,35,70,11938,G
T,22,0,415,0,11952,T
T,0,0,530,55,11964,T
C,15,0,268,385,11977,C
T,175,0,360,84,11990,T
G,527,0,137,0,12001,G
G,588,0,0,0,12011,G
G,526,0,0,0,12022,G
T,218,0,154,6,12036,T
T,7,0,280,277,12048,T
C,0,0,49,593,12060,C
C,0,238,0,430,12074,C
A,0,328,0,296,12082,A
C,0,245,4,399,12092,C
A,0,332,4,217,12104,A
C,3,140,106,363,12115,C
T,170,12,417,75,12129,T
G,490,17,200,0,12142,G
T,213,0,237,6,12152,T
T,20,0,292,232,12162,T
C,0,0,60,565,12173,C
C,0,22,10,676,12184,C
C,0,93,0,601,12193,C
A,0,382,0,296,12207,A
N,0,309,0,365,12221,N
A,59,419,0,95,12232,A
A,154,319,0,0,12243,A
A,45,606,0,46,12256,A
N,7,410,6,401,12269,N
C,6,57,0,565,12278,C
C,17,0,10,622,12287,C
C,102,0,0,535,12298,C
G,236,0,32,137,12310,G
T,216,0,282,0,12325,T
G,419,0,135,26,12336,G
C,200,0,7,302,12350,C
G,292,0,68,77,12364,G
T,242,0,336,0,12378,T
G,425,0,251,0,12389,G
T,120,0,411,0,12402,T
T,0,0,530,111,12416,T
C,0,11,259,466,12427,C
C,0,71,46,548,12438,C
A,0,410,0,177,12452,A
A,0,636,0,0,12463,A
A,45,733,0,0,12473,A
A,171,591,0,0,12482,A
G,491,136,0,0,12495,G
G,414,0,0,76,12508,G
C,43,0,29,421,12522,C
C,17,0,173,395,12533,C
T,132,0,393,94,12545,T
G,388,76,159,0,12556,G
A,177,498,0,0,12569,A
A,167,442,2,0,12580,A
T,81,18,263,4,12594,T
N,1,0,312,310,12606,N
C,0,0,86,588,12616,C
C,0,0,51,654,12627,C
C,5,0,18,613,12639,C
C,136,0,0,427,12651,C
G,362,6,0,39,12663,G
G,365,16,0,0,12675,G
C,111,60,0,136,12687,C
A,0,285,0,133,12701,A
N,0,281,0,216,12713,N
A,0,408,0,105,12723,A
A,0,655,0,0,12737,A
A,0,673,0,0,12748,A
A,11,431,0,132,12759,A
N,113,66,5,173,12771,N
T,139,0,140,0,12783,T
T,7,12,295,25,12795,T
C,0,98,80,191,12807,C
A,96,289,0,5,12819,A
G,192,121,0,6,12831,G
C,40,4,105,225,12844,C
T,0,54,374,104,12855,T
A,0,331,335,11,12868,A
A,0,290,61,309,12879,A
C,32,59,50,507,12888,C
N,202,0,0,291,12902,N
N,221,0,34,129,12915,N
N,63,0,169,209,12925,N
T,0,0,617,0,12940,T
T,0,0,647,58,12952,T
C,0,0,263,429,12965,C
N,0,133,63,372,12979,N
A,0,277,122,102,12988,A
T,0,86,432,89,13003,T
C,0,0,233,404,13015,C
C,0,47,39,442,13027,C
A,43,227,4,119,13039,A
A,123,169,0,0,13050,A
N,82,44,0,73,13062,N
A,23,219,0,101,13073,A
A,105,328,0,0,13085,A
G,127,116,0,10,13096,G
N,27,0,190,182,13108,N
T,0,0,536,16,13120,T
T,0,0,761,0,13131,T
T,0,30,653,0,13143,T
T,45,301,323,0,13156,T
A,204,312,10,0,13168,A
G,346,149,0,0,13178,G
N,305,212,0,0,13187,N
A,130,710,0,0,13197,A
A,33,938,0,0,13206,A
A,108,670,0,0,13220,A
A,97,641,0,36,13231,A
A,1,807,14,183,13241,A
N,0,662,15,375,13250,N
A,0,423,10,383,13260,A
C,0,189,49,534,13275,C
C,0,19,105,621,13284,C
N,0,0,263,430,13295,N
T,4,0,561,132,13306,T
T,156,0,638,12,13317,T
N,389,0,407,0,13328,N
N,329,0,280,0,13339,N
T,307,0,259,0,13350,T
G,415,3,126,0,13359,G
G,398,55,10,0,13368,G
N,217,361,0,0,13379,N
A,150,662,0,0,13391,A
A,200,323,101,0,13402,A
T,282,29,269,14,13416,T
G,398,0,158,118,13426,G
C,210,61,25,283,13436,C
N,28,255,0,287,13446,N
A,32,360,0,141,13455,A
A,63,183,0,145,13466,A
C,4,6,0,395,13477,C
C,0,0,62,596,13488,C
N,18,0,228,460,13499,N
T,211,0,329,158,13510,T
G,366,15,152,116,13521,G
C,97,104,0,233,13534,C
A,0,332,0,158,13545,A
A,0,557,0,12,13556,A
A,0,630,0,0,13565,A
A,107,559,0,0,13575,A
N,208,208,51,0,13587,N
T,264,1,244,0,13601,T
G,407,0,156,86,13611,G
C,109,0,141,301,13627,C
T,0,74,337,206,13638,T
T,0,239,347,145,13647,T
A,0,338,153,239,13656,A
C,0,295,28,386,13666,C
A,0,312,0,370,13676,A
A,0,289,0,335,13687,A
A,0,311,19,269,13698,A
A,0,342,164,91,13707,A
T,0,280,359,20,13720,T
A,0,338,170,206,13735,A
C,0,179,184,354,13745,C
T,16,0,374,207,13755,T
T,88,0,585,33,13765,T
T,244,0,520,0,13775,T
G,483,0,190,0,13787,G
G,443,43,1,0,13796,G
A,296,267,0,0,13807,A
A,237,563,0,0,13819,A
N,297,319,54,0,13830,N
T,326,63,261,0,13842,T
G,533,3,233,0,13851,G
G,593,2,92,0,13860,G
G,422,0,1,68,13869,G
C,203,0,69,191,13879,C
N,45,0,262,214,13889,N
T,2,0,595,103,13899,T
T,0,0,638,104,13909,T
T,10,0,445,245,13919,T
C,64,38,168,311,13929,C
A,89,198,3,151,13939,A
A,30,549,0,0,13949,A
A,0,758,0,6,13959,A
A,0,632,0,221,13970,A
C,0,213,22,554,13982,C
C,0,22,25,746,13994,C
C,0,0,60,746,14007,C
C,0,0,116,615,14017,C
T,3,0,308,395,14028,T
T,1,0,459,288,14039,T
T,80,0,393,279,14051,T
T,219,0,402,129,14061,T
N,407,0,364,0,14073,N
T,294,2,360,0,14083,T
T,71,0,505,0,14094,T
T,1,0,530,104,14105,T
C,6,0,313,402,14116,C
C,75,0,71,447,14129,C
N,162,0,3,318,14138,N
C,121,83,0,213,14152,C
A,14,252,0,225,14164,A
A,0,346,0,272,14175,A
N,0,217,3,415,14183,N
C,0,73,31,575,14194,C
C,0,0,63,580,14205,C
C,0,0,175,410,14213,C
T,0,0,306,285,14221,T
N,0,31,329,217,14232,N
N,0,164,181,207,14242,N
A,0,407,11,59,14252,A
A,0,631,0,0,14262,A
A,0,699,0,0,14272,A
A,0,604,0,10,14281,A
A,5,448,0,148,14291,A
A,3,488,0,98,14301,A
A,0,553,0,0,14311,A
A,0,501,2,18,14321,A
A,0,389,38,132,14330,A
A,0,374,67,117,14337,A
A,0,305,214,21,14346,A
T,0,175,373,37,14356,T
T,0,14,382,226,14366,T
C,0,0,251,404,14376,C
T,0,0,202,434,14386,T
T,0,0,336,286,14398,T
N,0,0,344,352,14411,N
C,0,12,173,450,14421,C
C,0,113,78,427,14429,C
A,8,330,4,217,14438,A
A,90,486,0,9,14448,A
A,269,390,0,0,14459,A
G,515,157,0,0,14471,G
G,582,24,0,0,14481,G
G,323,0,28,81,14492,G
N,101,22,199,139,14503,N
T,27,144,302,64,14514,T
A,107,321,225,17,14524,A
A,266,298,64,0,14534,A
G,327,122,5,0,14544,G
G,352,26,38,0,14554,G
T,149,100,193,5,14566,T
T,21,253,224,76,14576,T
A,0,309,193,199,14584,A
C,0,193,198,317,14594,C
T,0,27,417,252,14604,T
T,60,0,638,93,14615,T
T,251,0,597,12,14626,T
N,352,0,379,0,14637,N
T,228,24,244,0,14646,T
T,140,136,231,0,14655,T
A,126,252,147,0,14665,A
A,245,228,20,0,14675,A
G,367,121,0,46,14684,G
G,397,32,0,116,14692,G
N,255,0,0,333,14703,N
C,53,0,0,664,14717,C
C,0,0,29,760,14727,C
C,0,0,112,709,14736,C
T,0,0,239,534,14746,T
T,0,28,313,408,14756,T
N,0,141,199,391,14766,N
A,0,330,44,306,14775,A
A,0,532,0,119,14785,A
A,14,657,0,35,14794,A
A,84,661,0,4,14804,A
A,160,438,0,0,14815,A
A,126,276,75,0,14826,A
N,17,295,145,0,14837,N
A,0,513,81,0,14848,A
A,0,710,0,0,14859,A
A,0,693,59,0,14870,A
A,0,589,225,0,14879,A
T,20,285,479,0,14890,T
T,114,110,572,0,14898,T
T,216,25,564,0,14906,T
N,324,7,394,0,14915,N
T,226,0,284,0,14927,T
T,98,0,259,80,14935,T
T,1,0,285,212,14946,T
T,8,0,309,259,14959,T
C,64,0,230,289,14970,C
N,147,0,121,261,14979,N
G,229,0,62,95,14991,G
G,296,0,105,0,15001,G
N,337,0,145,0,15011,N
G,338,19,36,49,15021,G
C,161,112,0,216,15033,C
A,26,229,0,260,15043,A
C,0,254,0,297,15052,C
C,0,167,95,322,15061,C
T,0,45,257,314,15072,T
C,32,0,264,348,15081,C
C,91,0,170,330,15090,C
G,231,0,2,194,15102,G
G,293,0,0,36,15114,G
G,257,0,0,54,15125,G
G,207,0,0,134,15137,G
G,173,11,0,160,15148,G
C,99,72,0,233,15157,C
C,21,216,0,267,15168,C
A,0,348,0,262,15179,A
A,0,382,22,238,15190,A
A,0,381,144,120,15200,A
A,0,319,334,0,15210,A
T,0,235,572,0,15220,T
T,7,196,622,0,15231,T
N,38,305,434,0,15241,N
A,75,372,281,0,15247,A
A,79,313,107,0,15256,A
N,97,167,8,132,15266,N
C,72,38,0,326,15277,C
C,104,0,0,434,15288,C
N,166,0,0,383,15298,N
C,164,18,0,296,15307,C
C,108,47,1,233,15316,C
A,75,183,41,180,15325,A
A,104,251,158,69,15336,A
T,279,195,326,0,15350,T
G,373,62,307,12,15360,G
T,270,0,243,150,15373,T
N,125,0,288,206,15382,N
T,8,0,463,135,15391,T
T,0,0,602,127,15401,T
T,0,0,607,199,15411,T
N,0,0,415,398,15421,N
C,0,0,193,603,15432,C
C,0,77,62,648,15443,C
N,0,207,0,473,15457,N
A,20,275,0,348,15467,A
A,75,245,0,266,15477,A
A,130,201,0,143,15487,A
A,158,330,0,8,15497,A
A,212,463,0,0,15508,A
A,326,413,0,0,15518,A
G,378,191,0,0,15529,G
G,354,35,0,9,15540,G
C,181,0,0,245,15551,C
C,49,34,8,404,15562,C
C,17,123,17,412,15573,C
A,43,189,13,346,15583,A
A,81,128,7,222,15593,A
N,143,62,50,108,15603,N
G,208,0,131,0,15614,G
T,265,0,207,0,15626,T
G,282,0,192,0,15636,G
N,247,0,117,0,15645,N
N,180,78,63,0,15654,N
A,110,190,0,2,15664,A
A,111,203,0,0,15677,A
A,93,197,0,0,15688,A
A,54,182,0,0,15697,A
A,6,301,0,0,15707,A
A,0,438,0,0,15716,A
A,0,444,0,8,15726,A
A,0,291,6,191,15736,A
C,0,128,35,397,15746,C
C,0,9,62,475,15757,C
C,0,0,114,377,15768,C
T,0,48,257,163,15779,T
T,0,149,313,37,15788,T
T,0,249,322,0,15795,T
A,0,270,201,103,15807,A
C,0,153,55,363,15820,C
C,7,7,17,438,15832,C
C,78,0,0,393,15843,C
C,144,0,0,226,15856,C
C,131,0,0,167,15867,C
C,88,0,0,196,15876,C
C,20,49,0,204,15886,C
A,51,162,0,144,15896,A
A,89,259,0,10,15907,A
N,107,201,0,0,15918,N
A,72,124,0,40,15927,A
C,27,44,0,189,15936,C
C,2,0,90,262,15947,C
T,0,0,206,252,15955,T
T,0,0,337,137,15968,T
T,0,0,400,106,15979,T
T,26,0,477,40,15992,T
T,151,6,512,0,16004,T
T,337,3,420,0,16016,T
G,466,10,214,0,16028,G
G,448,0,95,0,16039,G
G,411,27,72,0,16048,G
N,411,24,139,0,16058,N
G,447,28,123,0,16068,G
G,464,19,21,24,16078,G
G,348,27,0,127,16088,G
C,189,21,0,292,16098,C
C,28,19,29,431,16110,C
C,0,1,163,417,16120,C
N,0,7,293,389,16128,N
T,0,0,384,323,16140,T
T,109,0,387,256,16154,T
T,216,1,305,144,16164,T
T,268,12,258,118,16177,T
T,179,2,217,144,16186,T
T,33,0,284,207,16200,T
T,0,0,383,258,16213,T
N,45,4,380,253,16223,N
T,169,7,387,168,16233,T
T,322,3,296,51,16244,T
G,439,12,131,0,16257,G
N,322,91,3,2,16270,N
N,189,108,0,75,16279,N
A,45,216,0,188,16291,A
A,0,271,4,246,16301,A
N,0,230,124,322,16309,N
